{
  "H": [
    [
      0.979764104976285,
      -0.019024545727694873,
      -17.83551161971392
    ],
    [
      -0.036491850178339606,
      1.9639250277797278,
      -484.250169307491
    ],
    [
      -6.66173492510019e-05,
      2.8377790804753068e-05,
      1.0
    ]
  ],
  "warp_w": 600,
  "warp_h": 400,
  "src_pts": [
    [
      23.0,
      247.0
    ],
    [
      615.0,
      258.0
    ],
    [
      622.0,
      456.0
    ],
    [
      27.0,
      453.0
    ]
  ]
}